"pseudo_nhs_number","id","clinical_effective_date"
"84950DE0614A5C241F7223FBCCD27BE87DB61915972C7E49EDF519B72A3A104A","6144854","2018-10-05"
"84950DE0614A5C241F7223FBCCD27BE87DB61915972C7E49EDF519B72A3A104A","6144858","2018-11-15"
"84950DE0614A5C241F7223FBCCD27BE87DB61915972C7E49EDF519B72A3A104A","6144859","2019-02-12"
"84950DE0614A5C241F7223FBCCD27BE87DB61915972C7E49EDF519B72A3A104A","6144860","2020-05-22"
"73951AB0712D6E241E8222EDCCF28AE86DA72814078D6F48ECE512C91B5B104B","6144855","2012-11-21"
"73951AB0712D6E241E8222EDCCF28AE86DA72814078D6F48ECE512C91B5B104B","6144861","2013-06-03"
"53952EF0503F7F341D9121DBCCC39DE95EA83713167E5E57EDB613A60D4C104C","6144856","2016-07-19"
"53952EF0503F7F341D9121DBCCC39DE95EA83713167E5E57EDB613A60D4C104C","6144862","2016-08-20"
"44966CC0716B4C241F8223EDBCF77AE87DB71814979C7D47EDE416B81D4A104B","6144857","2015-10-19"